,ds,trend,yhat_lower,yhat_upper,trend_lower,trend_upper,additive_terms,additive_terms_lower,additive_terms_upper,daily,daily_lower,daily_upper,weekly,weekly_lower,weekly_upper,multiplicative_terms,multiplicative_terms_lower,multiplicative_terms_upper,yhat
0,2023-11-09,4.239603228,7.173118184139946,23.733912932731933,4.239603228,4.239603228,10.945138394993457,10.945138394993457,10.945138394993457,8.967089955999999,8.967089955999999,8.967089955999999,1.978048438993457,1.978048438993457,1.978048438993457,0.0,0.0,0.0,15.184741622993457
1,2023-11-10,4.273867205350993,5.841870808813127,22.42324123150687,4.273867205350993,4.273867205350993,10.270765535861003,10.270765535861003,10.270765535861003,8.967089955999999,8.967089955999999,8.967089955999999,1.3036755798610038,1.3036755798610038,1.3036755798610038,0.0,0.0,0.0,14.544632741211995
2,2023-11-11,4.308131182701987,3.629100654428895,19.601156574313652,4.308131182701987,4.308131182701987,7.8009986050146605,7.8009986050146605,7.8009986050146605,8.967089955999999,8.967089955999999,8.967089955999999,-1.1660913509853397,-1.1660913509853397,-1.1660913509853397,0.0,0.0,0.0,12.109129787716647
3,2023-11-12,4.34239516005298,3.7717540887061194,20.679504341749517,4.34239516005298,4.34239516005298,7.955383744287245,7.955383744287245,7.955383744287245,8.967089955999999,8.967089955999999,8.967089955999999,-1.0117062117127547,-1.0117062117127547,-1.0117062117127547,0.0,0.0,0.0,12.297778904340225
4,2023-11-13,4.376659137403974,2.165116477618976,17.559432314836542,4.376659137403974,4.376659137403974,5.39360670333039,5.39360670333039,5.39360670333039,8.967089955999999,8.967089955999999,8.967089955999999,-3.5734832526696105,-3.5734832526696105,-3.5734832526696105,0.0,0.0,0.0,9.770265840734364
5,2023-11-14,4.410923114754967,6.337497138303118,23.66640519464665,4.410923114754967,4.410923114754967,10.941364670084694,10.941364670084694,10.941364670084694,8.967089955999999,8.967089955999999,8.967089955999999,1.9742747140846946,1.9742747140846946,1.9742747140846946,0.0,0.0,0.0,15.35228778483966
6,2023-11-15,4.445187080238208,5.748671715353827,22.82550950956855,4.445187080238208,4.445187080238208,9.462372038440089,9.462372038440089,9.462372038440089,8.967089955999999,8.967089955999999,8.967089955999999,0.495282082440089,0.495282082440089,0.495282082440089,0.0,0.0,0.0,13.907559118678297
7,2023-11-16,4.479451045721447,6.580194788828979,24.148136465689742,4.479451045721447,4.479451045721447,10.945138394990755,10.945138394990755,10.945138394990755,8.967089955999999,8.967089955999999,8.967089955999999,1.9780484389907544,1.9780484389907544,1.9780484389907544,0.0,0.0,0.0,15.424589440712202
8,2023-11-17,4.513715011204687,7.304006426770182,23.39704739289956,4.513715011204687,4.513715011204687,10.270765535851552,10.270765535851552,10.270765535851552,8.967089955999999,8.967089955999999,8.967089955999999,1.3036755798515522,1.3036755798515522,1.3036755798515522,0.0,0.0,0.0,14.78448054705624
9,2023-11-18,4.5479789766879275,4.408465486921751,20.483668588591375,4.5479789766879275,4.5479789766879275,7.800998605010777,7.800998605010777,7.800998605010777,8.967089955999999,8.967089955999999,8.967089955999999,-1.1660913509892221,-1.1660913509892221,-1.1660913509892221,0.0,0.0,0.0,12.348977581698705
10,2023-11-19,4.582242942171167,4.000805020586872,20.499853659773006,4.582242942171167,4.582242942171167,7.9553837442814945,7.9553837442814945,7.9553837442814945,8.967089955999999,8.967089955999999,8.967089955999999,-1.0117062117185058,-1.0117062117185058,-1.0117062117185058,0.0,0.0,0.0,12.537626686452661
11,2023-11-20,4.616506904372835,1.9383912925626945,17.352965209315542,4.616506904372835,4.616506904372835,5.393606703324998,5.393606703324998,5.393606703324998,8.967089955999999,8.967089955999999,8.967089955999999,-3.573483252675002,-3.573483252675002,-3.573483252675002,0.0,0.0,0.0,10.010113607697832
12,2023-11-21,4.650770866574502,7.360803491118385,23.3880304515057,4.650770866574502,4.650770866574502,10.941364670085457,10.941364670085457,10.941364670085457,8.967089955999999,8.967089955999999,8.967089955999999,1.9742747140854582,1.9742747140854582,1.9742747140854582,0.0,0.0,0.0,15.59213553665996
13,2023-11-22,4.6850348287761685,6.494581931918903,22.74944006641689,4.6850348287761685,4.6850348287761685,9.462372038442098,9.462372038442098,9.462372038442098,8.967089955999999,8.967089955999999,8.967089955999999,0.4952820824420971,0.4952820824420971,0.4952820824420971,0.0,0.0,0.0,14.147406867218265
14,2023-11-23,4.719298790977835,7.348602622621723,24.24588114601879,4.719298790977835,4.719298790977835,10.945138394999077,10.945138394999077,10.945138394999077,8.967089955999999,8.967089955999999,8.967089955999999,1.978048438999077,1.978048438999077,1.978048438999077,0.0,0.0,0.0,15.664437185976912
15,2023-11-24,4.753562748074466,6.850353790128857,23.41048379607538,4.753562748074466,4.753562748074466,10.27076553586536,10.27076553586536,10.27076553586536,8.967089955999999,8.967089955999999,8.967089955999999,1.3036755798653614,1.3036755798653614,1.3036755798653614,0.0,0.0,0.0,15.024328283939827
16,2023-11-25,4.7878267051710965,4.007325813628952,20.756134468990027,4.7878267051710965,4.7878267051710965,7.800998605006895,7.800998605006895,7.800998605006895,8.967089955999999,8.967089955999999,8.967089955999999,-1.1660913509931046,-1.1660913509931046,-1.1660913509931046,0.0,0.0,0.0,12.588825310177992
17,2023-11-26,4.822090662267727,4.693451338409352,21.025457321797784,4.822090662267727,4.822090662267727,7.955383744288276,7.955383744288276,7.955383744288276,8.967089955999999,8.967089955999999,8.967089955999999,-1.0117062117117241,-1.0117062117117241,-1.0117062117117241,0.0,0.0,0.0,12.777474406556003
18,2023-11-27,4.856354619364358,2.225804097264292,18.670203648816933,4.856354619364358,4.856354619364358,5.3936067033261175,5.3936067033261175,5.3936067033261175,8.967089955999999,8.967089955999999,8.967089955999999,-3.5734832526738822,-3.5734832526738822,-3.5734832526738822,0.0,0.0,0.0,10.249961322690474
19,2023-11-28,4.890618576460988,7.458757825897419,24.144971572840156,4.890618576460988,4.890618576460988,10.941364670090037,10.941364670090037,10.941364670090037,8.967089955999999,8.967089955999999,8.967089955999999,1.9742747140900367,1.9742747140900367,1.9742747140900367,0.0,0.0,0.0,15.831983246551026
20,2023-11-29,4.924882528213885,6.677585321271062,22.68097397257189,4.924882528213885,4.924882528213885,9.462372038444105,9.462372038444105,9.462372038444105,8.967089955999999,8.967089955999999,8.967089955999999,0.49528208244410554,0.49528208244410554,0.49528208244410554,0.0,0.0,0.0,14.38725456665799
21,2023-11-30,4.9591464799667815,7.611988622380445,24.316787110962444,4.9591464799667815,4.9591464799667815,10.9451383950074,10.9451383950074,10.9451383950074,8.967089955999999,8.967089955999999,8.967089955999999,1.9780484390073994,1.9780484390073994,1.9780484390073994,0.0,0.0,0.0,15.90428487497418
22,2023-12-01,4.993410431719679,6.695911757081074,23.029322396511592,4.993410431719679,4.993410431719679,10.27076553585849,10.27076553585849,10.27076553585849,8.967089955999999,8.967089955999999,8.967089955999999,1.3036755798584903,1.3036755798584903,1.3036755798584903,0.0,0.0,0.0,15.264175967578169
23,2023-12-02,5.027674383472575,4.595387538998517,20.900084092781913,5.027674383472575,5.027674383472575,7.800998605002011,7.800998605002011,7.800998605002011,8.967089955999999,8.967089955999999,8.967089955999999,-1.1660913509979893,-1.1660913509979893,-1.1660913509979893,0.0,0.0,0.0,12.828672988474587
24,2023-12-03,5.061938335225471,4.884962202479231,20.897386398744832,5.061938335225471,5.061938335225471,7.955383744282524,7.955383744282524,7.955383744282524,8.967089955999999,8.967089955999999,8.967089955999999,-1.0117062117174755,-1.0117062117174755,-1.0117062117174755,0.0,0.0,0.0,13.017322079507995
25,2023-12-04,5.096202277571707,2.3264199109556096,18.621089980381814,5.096202277571707,5.096202277571707,5.393606703328597,5.393606703328597,5.393606703328597,8.967089955999999,8.967089955999999,8.967089955999999,-3.5734832526714033,-3.5734832526714033,-3.5734832526714033,0.0,0.0,0.0,10.489808980900303
26,2023-12-05,5.130466219917942,7.747362751874849,24.095050634100986,5.130466219917942,5.130466219917942,10.941364670086983,10.941364670086983,10.941364670086983,8.967089955999999,8.967089955999999,8.967089955999999,1.9742747140869834,1.9742747140869834,1.9742747140869834,0.0,0.0,0.0,16.071830890004925
27,2023-12-06,5.164730162264178,6.455290534055379,22.50838727415222,5.164730162264178,5.164730162264178,9.462372038445379,9.462372038445379,9.462372038445379,8.967089955999999,8.967089955999999,8.967089955999999,0.4952820824453791,0.4952820824453791,0.4952820824453791,0.0,0.0,0.0,14.627102200709556
28,2023-12-07,5.198994104610414,7.8086353937686575,24.73592611347355,5.198994104610414,5.198994104610414,10.945138394993672,10.945138394993672,10.945138394993672,8.967089955999999,8.967089955999999,8.967089955999999,1.9780484389936717,1.9780484389936717,1.9780484389936717,0.0,0.0,0.0,16.144132499604083
29,2023-12-08,5.233258046956649,7.041697568159447,23.680459598344235,5.233258046956649,5.233258046956649,10.270765535860669,10.270765535860669,10.270765535860669,8.967089955999999,8.967089955999999,8.967089955999999,1.3036755798606694,1.3036755798606694,1.3036755798606694,0.0,0.0,0.0,15.504023582817318
30,2023-12-09,5.267521995657774,5.140239566127526,21.255787458616958,5.267521995657774,5.267521995657774,7.8009986050080595,7.8009986050080595,7.8009986050080595,8.967089955999999,8.967089955999999,8.967089955999999,-1.1660913509919397,-1.1660913509919397,-1.1660913509919397,0.0,0.0,0.0,13.068520600665835
31,2023-12-10,5.301785944358898,4.794835645089644,21.34499879491693,5.301785944358898,5.301785944358898,7.95538374428304,7.95538374428304,7.95538374428304,8.967089955999999,8.967089955999999,8.967089955999999,-1.0117062117169604,-1.0117062117169604,-1.0117062117169604,0.0,0.0,0.0,13.257169688641937
32,2023-12-11,5.336049893060023,2.3358077026629163,19.280037271414546,5.336049893060023,5.336049893060023,5.393606703331075,5.393606703331075,5.393606703331075,8.967089955999999,8.967089955999999,8.967089955999999,-3.573483252668924,-3.573483252668924,-3.573483252668924,0.0,0.0,0.0,10.729656596391099
33,2023-12-12,5.370313841761148,8.26584074572439,24.455709692521683,5.370313841761148,5.370313841761148,10.941364670082578,10.941364670082578,10.941364670082578,8.967089955999999,8.967089955999999,8.967089955999999,1.9742747140825767,1.9742747140825767,1.9742747140825767,0.0,0.0,0.0,16.311678511843727
34,2023-12-13,5.404577790462272,7.054529303802753,23.20489027385867,5.404577790462272,5.404577790462272,9.462372038447388,9.462372038447388,9.462372038447388,8.967089955999999,8.967089955999999,8.967089955999999,0.4952820824473871,0.4952820824473871,0.4952820824473871,0.0,0.0,0.0,14.86694982890966
35,2023-12-14,5.438841740649003,8.477977917453527,24.820342975498164,5.438841740649003,5.438841740649003,10.945138395001994,10.945138395001994,10.945138395001994,8.967089955999999,8.967089955999999,8.967089955999999,1.9780484390019937,1.9780484390019937,1.9780484390019937,0.0,0.0,0.0,16.383980135650997
36,2023-12-15,5.473105690835732,7.908155158757947,24.377772458267906,5.473105690835732,5.473105690835732,10.270765535851218,10.270765535851218,10.270765535851218,8.967089955999999,8.967089955999999,8.967089955999999,1.3036755798512178,1.3036755798512178,1.3036755798512178,0.0,0.0,0.0,15.74387122668695
37,2023-12-16,5.507369641022462,5.061433067441202,21.341570109164213,5.507369641022462,5.507369641022462,7.800998605004179,7.800998605004179,7.800998605004179,8.967089955999999,8.967089955999999,8.967089955999999,-1.166091350995822,-1.166091350995822,-1.166091350995822,0.0,0.0,0.0,13.308368246026642
38,2023-12-17,5.541633591209193,5.225511475525744,21.928115757620105,5.541633591209193,5.541633591209193,7.955383744288574,7.955383744288574,7.955383744288574,8.967089955999999,8.967089955999999,8.967089955999999,-1.0117062117114262,-1.0117062117114262,-1.0117062117114262,0.0,0.0,0.0,13.497017335497766
39,2023-12-18,5.575897541368964,3.019361036634317,18.99880417796789,5.575897541368964,5.575897541368964,5.393606703330837,5.393606703330837,5.393606703330837,8.967089955999999,8.967089955999999,8.967089955999999,-3.5734832526691633,-3.5734832526691633,-3.5734832526691633,0.0,0.0,0.0,10.969504244699802
40,2023-12-19,5.610161491528737,8.229630696425716,24.3932039470758,5.610161491528737,5.610161491528737,10.941364670079523,10.941364670079523,10.941364670079523,8.967089955999999,8.967089955999999,8.967089955999999,1.9742747140795232,1.9742747140795232,1.9742747140795232,0.0,0.0,0.0,16.55152616160826
41,2023-12-20,5.644425441688509,7.125921009838408,23.435256608534775,5.644425441688509,5.644425441688509,9.46237203844116,9.46237203844116,9.46237203844116,8.967089955999999,8.967089955999999,8.967089955999999,0.49528208244115934,0.49528208244115934,0.49528208244115934,0.0,0.0,0.0,15.106797480129668
42,2023-12-21,5.678689391848281,8.064607208843011,24.61958058881371,5.678689391848281,5.678689391848281,10.94513839499929,10.94513839499929,10.94513839499929,8.967089955999999,8.967089955999999,8.967089955999999,1.9780484389992912,1.9780484389992912,1.9780484389992912,0.0,0.0,0.0,16.62382778684757
43,2023-12-22,5.712953342008054,8.020451575871299,24.694229761559917,5.712953342008054,5.712953342008054,10.270765535841766,10.270765535841766,10.270765535841766,8.967089955999999,8.967089955999999,8.967089955999999,1.303675579841767,1.303675579841767,1.303675579841767,0.0,0.0,0.0,15.983718877849821
44,2023-12-23,5.747217292501701,5.111017687690313,22.30358921507256,5.747217292501701,5.747217292501701,7.800998605010228,7.800998605010228,7.800998605010228,8.967089955999999,8.967089955999999,8.967089955999999,-1.166091350989772,-1.166091350989772,-1.166091350989772,0.0,0.0,0.0,13.548215897511929
45,2023-12-24,5.781481242995349,5.886343666031846,21.776411281695072,5.781481242995349,5.781481242995349,7.9553837442890885,7.9553837442890885,7.9553837442890885,8.967089955999999,8.967089955999999,8.967089955999999,-1.0117062117109112,-1.0117062117109112,-1.0117062117109112,0.0,0.0,0.0,13.736864987284438
46,2023-12-25,5.815745193488996,3.3871374475242018,19.072651702084972,5.815745193488996,5.815745193488996,5.393606703333315,5.393606703333315,5.393606703333315,8.967089955999999,8.967089955999999,8.967089955999999,-3.573483252666684,-3.573483252666684,-3.573483252666684,0.0,0.0,0.0,11.209351896822312
47,2023-12-26,5.850009143982644,8.913771078728375,25.36100582256953,5.850009143982644,5.850009143982644,10.941364670084102,10.941364670084102,10.941364670084102,8.967089955999999,8.967089955999999,8.967089955999999,1.9742747140841024,1.9742747140841024,1.9742747140841024,0.0,0.0,0.0,16.791373814066745
48,2023-12-27,5.884273094476291,6.801265307209255,23.380596787707823,5.884273094476291,5.884273094476291,9.462372038443169,9.462372038443169,9.462372038443169,8.967089955999999,8.967089955999999,8.967089955999999,0.49528208244316796,0.49528208244316796,0.49528208244316796,0.0,0.0,0.0,15.346645132919459
49,2023-12-28,5.918537044929066,9.024237222445965,25.274906980243724,5.918537044929066,5.918537044929066,10.94513839499765,10.94513839499765,10.94513839499765,8.967089955999999,8.967089955999999,8.967089955999999,1.978048438997651,1.978048438997651,1.978048438997651,0.0,0.0,0.0,16.863675439926716
50,2023-12-29,5.9528009953818435,8.533222869051494,24.04320814565475,5.9528009953818435,5.9528009953818435,10.270765535855576,10.270765535855576,10.270765535855576,8.967089955999999,8.967089955999999,8.967089955999999,1.3036755798555761,1.3036755798555761,1.3036755798555761,0.0,0.0,0.0,16.22356653123742
51,2023-12-30,5.98706494583462,5.392646279720464,21.966588828320262,5.98706494583462,5.98706494583462,7.800998604996413,7.800998604996413,7.800998604996413,8.967089955999999,8.967089955999999,8.967089955999999,-1.1660913510035864,-1.1660913510035864,-1.1660913510035864,0.0,0.0,0.0,13.788063550831033
52,2023-12-31,6.021328896287397,5.45373128578467,21.785838163870842,6.021328896287397,6.021328896287397,7.955383744283337,7.955383744283337,7.955383744283337,8.967089955999999,8.967089955999999,8.967089955999999,-1.0117062117166629,-1.0117062117166629,-1.0117062117166629,0.0,0.0,0.0,13.976712640570733
53,2024-01-01,6.055592846740172,2.6657119136389364,19.028928208735913,6.055592846740172,6.055592846740172,5.393606703334436,5.393606703334436,5.393606703334436,8.967089955999999,8.967089955999999,8.967089955999999,-3.573483252665564,-3.573483252665564,-3.573483252665564,0.0,0.0,0.0,11.449199550074608
54,2024-01-02,6.089856799194157,8.487205070502272,24.342032355048712,6.089856799194157,6.089856799194157,10.94136467007588,10.94136467007588,10.94136467007588,8.967089955999999,8.967089955999999,8.967089955999999,1.9742747140758798,1.9742747140758798,1.9742747140758798,0.0,0.0,0.0,17.031221469270037
55,2024-01-03,6.124120751648141,7.8550301189578535,23.34874603357244,6.124120751648141,6.124120751648141,9.46237203843694,9.46237203843694,9.46237203843694,8.967089955999999,8.967089955999999,8.967089955999999,0.49528208243693955,0.49528208243693955,0.49528208243693955,0.0,0.0,0.0,15.58649279008508
56,2024-01-04,6.158384704102124,9.560069463276692,25.860533777792398,6.158384704102124,6.158384704102124,10.945138394994949,10.945138394994949,10.945138394994949,8.967089955999999,8.967089955999999,8.967089955999999,1.9780484389949484,1.9780484389949484,1.9780484389949484,0.0,0.0,0.0,17.103523099097075
57,2024-01-05,6.192648656556108,7.837796766100712,24.418321972047465,6.192648656556108,6.192648656556108,10.270765535871966,10.270765535871966,10.270765535871966,8.967089955999999,8.967089955999999,8.967089955999999,1.303675579871966,1.303675579871966,1.303675579871966,0.0,0.0,0.0,16.463414192428075
58,2024-01-06,6.226912609010092,6.045303620994846,22.111428912956253,6.226912609010092,6.226912609010092,7.800998605002463,7.800998605002463,7.800998605002463,8.967089955999999,8.967089955999999,8.967089955999999,-1.1660913509975366,-1.1660913509975366,-1.1660913509975366,0.0,0.0,0.0,14.027911214012555
59,2024-01-07,6.261176560859279,6.214757803406526,22.37456923719124,6.261176560859279,6.261176560859279,7.9553837442838535,7.9553837442838535,7.9553837442838535,8.967089955999999,8.967089955999999,8.967089955999999,-1.0117062117161473,-1.0117062117161473,-1.0117062117161473,0.0,0.0,0.0,14.216560305143133
60,2024-01-08,6.295440512708465,3.352085245913829,19.684217128315527,6.295440512708465,6.295440512708465,5.393606703327684,5.393606703327684,5.393606703327684,8.967089955999999,8.967089955999999,8.967089955999999,-3.5734832526723155,-3.5734832526723155,-3.5734832526723155,0.0,0.0,0.0,11.68904721603615
61,2024-01-09,6.329704464557653,8.98122463729914,25.361855429799196,6.329704464557653,6.329704464557653,10.941364670076641,10.941364670076641,10.941364670076641,8.967089955999999,8.967089955999999,8.967089955999999,1.9742747140766421,1.9742747140766421,1.9742747140766421,0.0,0.0,0.0,17.271069134634295
62,2024-01-10,6.36396841640684,8.210523073980184,24.062165950536837,6.36396841640684,6.36396841640684,9.462372038447185,9.462372038447185,9.462372038447185,8.967089955999999,8.967089955999999,8.967089955999999,0.4952820824471845,0.4952820824471845,0.4952820824471845,0.0,0.0,0.0,15.826340454854027
63,2024-01-11,6.398232376520633,9.453497690127776,25.478475046179327,6.398232376520633,6.398232376520633,10.94513839500327,10.94513839500327,10.94513839500327,8.967089955999999,8.967089955999999,8.967089955999999,1.9780484390032709,1.9780484390032709,1.9780484390032709,0.0,0.0,0.0,17.3433707715239
64,2024-01-12,6.432496336634424,8.528799800089766,25.495320611265477,6.432496336634424,6.432496336634424,10.270765535862514,10.270765535862514,10.270765535862514,8.967089955999999,8.967089955999999,8.967089955999999,1.3036755798625146,1.3036755798625146,1.3036755798625146,0.0,0.0,0.0,16.703261872496938
65,2024-01-13,6.466760296748215,6.070902363472695,22.237752352465613,6.466760296748215,6.466760296748215,7.800998605007511,7.800998605007511,7.800998605007511,8.967089955999999,8.967089955999999,8.967089955999999,-1.1660913509924895,-1.1660913509924895,-1.1660913509924895,0.0,0.0,0.0,14.267758901755727
66,2024-01-14,6.501024256862007,6.190067138156035,22.40644590838666,6.501024256862007,6.501024256862007,7.955383744278102,7.955383744278102,7.955383744278102,8.967089955999999,8.967089955999999,8.967089955999999,-1.0117062117218987,-1.0117062117218987,-1.0117062117218987,0.0,0.0,0.0,14.456408001140108
67,2024-01-15,6.5352882169757995,3.478572660549538,19.878695414614853,6.5352882169757995,6.5352882169757995,5.393606703328803,5.393606703328803,5.393606703328803,8.967089955999999,8.967089955999999,8.967089955999999,-3.573483252671197,-3.573483252671197,-3.573483252671197,0.0,0.0,0.0,11.928894920304604
68,2024-01-16,6.569552177762824,8.582062192684402,25.023998563375745,6.569552177762824,6.569552177762824,10.941364670077407,10.941364670077407,10.941364670077407,8.967089955999999,8.967089955999999,8.967089955999999,1.9742747140774053,1.9742747140774053,1.9742747140774053,0.0,0.0,0.0,17.51091684784023
69,2024-01-17,6.603816138549846,7.295537678951769,23.589846954473444,6.603816138549846,6.603816138549846,9.462372038440957,9.462372038440957,9.462372038440957,8.967089955999999,8.967089955999999,8.967089955999999,0.49528208244095645,0.49528208244095645,0.49528208244095645,0.0,0.0,0.0,16.066188176990803
70,2024-01-18,6.63808009933687,9.949301891468357,26.369696969485357,6.63808009933687,6.63808009933687,10.945138395000567,10.945138395000567,10.945138395000567,8.967089955999999,8.967089955999999,8.967089955999999,1.9780484390005681,1.9780484390005681,1.9780484390005681,0.0,0.0,0.0,17.583218494337437
71,2024-01-19,6.672344060123893,9.558984020763674,25.117685175305105,6.672344060123893,6.672344060123893,10.270765535853064,10.270765535853064,10.270765535853064,8.967089955999999,8.967089955999999,8.967089955999999,1.303675579853063,1.303675579853063,1.303675579853063,0.0,0.0,0.0,16.943109595976956
72,2024-01-20,6.706608020910918,6.966399076166687,22.454506265757193,6.706608020910918,6.706608020910918,7.800998605003628,7.800998605003628,7.800998605003628,8.967089955999999,8.967089955999999,8.967089955999999,-1.166091350996372,-1.166091350996372,-1.166091350996372,0.0,0.0,0.0,14.507606625914546
73,2024-01-21,6.740872000292394,6.677298026991443,22.564007803294395,6.740872000292394,6.740872000292394,7.955383744284882,7.955383744284882,7.955383744284882,8.967089955999999,8.967089955999999,8.967089955999999,-1.0117062117151172,-1.0117062117151172,-1.0117062117151172,0.0,0.0,0.0,14.696255744577275
74,2024-01-22,6.775135979673871,3.990082708766562,19.458347783426465,6.775135979673871,6.775135979673871,5.393606703329922,5.393606703329922,5.393606703329922,8.967089955999999,8.967089955999999,8.967089955999999,-3.5734832526700773,-3.5734832526700773,-3.5734832526700773,0.0,0.0,0.0,12.168742683003792
75,2024-01-23,6.809399959055348,9.590621906319987,25.594221447920688,6.809399959055348,6.809399959055348,10.941364670081985,10.941364670081985,10.941364670081985,8.967089955999999,8.967089955999999,8.967089955999999,1.9742747140819843,1.9742747140819843,1.9742747140819843,0.0,0.0,0.0,17.750764629137333
76,2024-01-24,6.8436639384368245,8.089954410939276,25.209033823950946,6.8436639384368245,6.8436639384368245,9.462372038442231,9.462372038442231,9.462372038442231,8.967089955999999,8.967089955999999,8.967089955999999,0.49528208244223,0.49528208244223,0.49528208244223,0.0,0.0,0.0,16.306035976879055
77,2024-01-25,6.877927917818302,9.572397686558165,26.069571068157586,6.877927917818302,6.877927917818302,10.94513839500889,10.94513839500889,10.94513839500889,8.967089955999999,8.967089955999999,8.967089955999999,1.9780484390088906,1.9780484390088906,1.9780484390088906,0.0,0.0,0.0,17.82306631282719
78,2024-01-26,6.912191907288398,9.176922917138159,25.39682911313294,6.912191907288398,6.912191907288398,10.270765535855242,10.270765535855242,10.270765535855242,8.967089955999999,8.967089955999999,8.967089955999999,1.3036755798552424,1.3036755798552424,1.3036755798552424,0.0,0.0,0.0,17.18295744314364
79,2024-01-27,6.946455896758494,6.4971882983295695,22.925487072116315,6.946455896758494,6.946455896758494,7.800998604999746,7.800998604999746,7.800998604999746,8.967089955999999,8.967089955999999,8.967089955999999,-1.166091351000254,-1.166091351000254,-1.166091351000254,0.0,0.0,0.0,14.747454501758241
80,2024-01-28,6.98071988622859,6.941761980802568,23.28884795538281,6.98071988622859,6.98071988622859,7.955383744279132,7.955383744279132,7.955383744279132,8.967089955999999,8.967089955999999,8.967089955999999,-1.0117062117208684,-1.0117062117208684,-1.0117062117208684,0.0,0.0,0.0,14.936103630507722
81,2024-01-29,7.014983875698685,4.3005797793381255,20.899602548175107,7.014983875698685,7.014983875698685,5.393606703323171,5.393606703323171,5.393606703323171,8.967089955999999,8.967089955999999,8.967089955999999,-3.5734832526768288,-3.5734832526768288,-3.5734832526768288,0.0,0.0,0.0,12.408590579021856
82,2024-01-30,7.04924786516878,10.082098241783406,26.602424574473176,7.04924786516878,7.04924786516878,10.941364670086564,10.941364670086564,10.941364670086564,8.967089955999999,8.967089955999999,8.967089955999999,1.9742747140865637,1.9742747140865637,1.9742747140865637,0.0,0.0,0.0,17.990612535255345
83,2024-01-31,7.083512562842659,8.307104290398751,24.47068621661807,7.083512562842659,7.083512562842659,9.462372038444238,9.462372038444238,9.462372038444238,8.967089955999999,8.967089955999999,8.967089955999999,0.495282082444238,0.495282082444238,0.495282082444238,0.0,0.0,0.0,16.545884601286897
84,2024-02-01,7.117777260516536,9.855082549464672,26.11087117775159,7.117777260516536,7.117777260516536,10.9451383949852,10.9451383949852,10.9451383949852,8.967089955999999,8.967089955999999,8.967089955999999,1.9780484389852,1.9780484389852,1.9780484389852,0.0,0.0,0.0,18.062915655501737
85,2024-02-02,7.152041958190413,9.079194024573043,25.547348616125227,7.152041958190413,7.152041958190413,10.270765535857421,10.270765535857421,10.270765535857421,8.967089955999999,8.967089955999999,8.967089955999999,1.303675579857421,1.303675579857421,1.303675579857421,0.0,0.0,0.0,17.422807494047834
86,2024-02-03,7.186306655864291,7.011499113956367,22.968876936668703,7.186306655864291,7.186306655864291,7.800998605005795,7.800998605005795,7.800998605005795,8.967089955999999,8.967089955999999,8.967089955999999,-1.1660913509942044,-1.1660913509942044,-1.1660913509942044,0.0,0.0,0.0,14.987305260870086
87,2024-02-04,7.220576514070314,6.236698649478808,22.574005076762667,7.220576514070314,7.220576514070314,7.955383744284666,7.955383744284666,7.955383744284666,8.967089955999999,8.967089955999999,8.967089955999999,-1.011706211715334,-1.011706211715334,-1.011706211715334,0.0,0.0,0.0,15.17596025835498
88,2024-02-05,7.2548463722763366,3.949087707596755,20.583518540186795,7.2548463722763366,7.2548463722763366,5.39360670332565,5.39360670332565,5.39360670332565,8.967089955999999,8.967089955999999,8.967089955999999,-3.5734832526743494,-3.5734832526743494,-3.5734832526743494,0.0,0.0,0.0,12.648453075601987
89,2024-02-06,7.289116230482359,10.625438487644606,26.80986118888967,7.289116230482359,7.289116230482359,10.941364670087326,10.941364670087326,10.941364670087326,8.967089955999999,8.967089955999999,8.967089955999999,1.9742747140873262,1.9742747140873262,1.9742747140873262,0.0,0.0,0.0,18.230480900569685
90,2024-02-07,7.323386088688383,8.782463689443595,25.12004297619319,7.323386088688383,7.323386088688383,9.462372038446247,9.462372038446247,9.462372038446247,8.967089955999999,8.967089955999999,8.967089955999999,0.4952820824462466,0.4952820824462466,0.4952820824462466,0.0,0.0,0.0,16.78575812713463
91,2024-02-08,7.357655946894406,9.871298017930108,25.66103951587367,7.357655946894406,7.357655946894406,10.945138394993522,10.945138394993522,10.945138394993522,8.967089955999999,8.967089955999999,8.967089955999999,1.9780484389935227,1.9780484389935227,1.9780484389935227,0.0,0.0,0.0,18.302794341887928
92,2024-02-09,7.391925824948812,9.562971946686567,25.988850631433852,7.391925824948812,7.391925824948812,10.27076553586218,10.27076553586218,10.27076553586218,8.967089955999999,8.967089955999999,8.967089955999999,1.3036755798621806,1.3036755798621806,1.3036755798621806,0.0,0.0,0.0,17.662691360810992
93,2024-02-10,7.426195703003218,6.7116434697225476,23.46791173268296,7.426195703003218,7.426195703003218,7.800998605011845,7.800998605011845,7.800998605011845,8.967089955999999,8.967089955999999,8.967089955999999,-1.1660913509881545,-1.1660913509881545,-1.1660913509881545,0.0,0.0,0.0,15.227194308015063
94,2024-02-11,7.460465581057624,7.0400587210259795,23.62615054128603,7.460465581057624,7.460465581057624,7.955383744285181,7.955383744285181,7.955383744285181,8.967089955999999,8.967089955999999,8.967089955999999,-1.0117062117148186,-1.0117062117148186,-1.0117062117148186,0.0,0.0,0.0,15.415849325342805
95,2024-02-12,7.494735459112031,4.6156866829090335,20.868596193745944,7.494735459112031,7.494735459112031,5.3936067033254105,5.3936067033254105,5.3936067033254105,8.967089955999999,8.967089955999999,8.967089955999999,-3.573483252674589,-3.573483252674589,-3.573483252674589,0.0,0.0,0.0,12.888342162437443
96,2024-02-13,7.529005337166439,10.348714620527478,27.126114194979056,7.529005337166439,7.529005337166439,10.941364670088088,10.941364670088088,10.941364670088088,8.967089955999999,8.967089955999999,8.967089955999999,1.974274714088089,1.974274714088089,1.974274714088089,0.0,0.0,0.0,18.470370007254527
97,2024-02-14,7.563275760827131,9.7334224362869,25.23576803527636,7.563275760827131,7.563275760827131,9.46237203844002,9.46237203844002,9.46237203844002,8.967089955999999,8.967089955999999,8.967089955999999,0.49528208244001887,0.49528208244001887,0.49528208244001887,0.0,0.0,0.0,17.02564779926715
98,2024-02-15,7.597546184487823,10.006885235294298,26.368296673179366,7.597546184487823,7.597546184487823,10.945138394990819,10.945138394990819,10.945138394990819,8.967089955999999,8.967089955999999,8.967089955999999,1.97804843899082,1.97804843899082,1.97804843899082,0.0,0.0,0.0,18.542684579478642
99,2024-02-16,7.631816608148515,9.34218461405185,26.07312823917827,7.631816608148515,7.631816608148515,10.27076553585273,10.27076553585273,10.27076553585273,8.967089955999999,8.967089955999999,8.967089955999999,1.303675579852729,1.303675579852729,1.303675579852729,0.0,0.0,0.0,17.902582144001244
100,2024-02-17,7.666087031809207,7.645984822886157,23.98267105804554,7.666087031809207,7.666087031809207,7.800998605007963,7.800998605007963,7.800998605007963,8.967089955999999,8.967089955999999,8.967089955999999,-1.166091350992037,-1.166091350992037,-1.166091350992037,0.0,0.0,0.0,15.46708563681717
101,2024-02-18,7.700357455469899,7.663400883489094,23.64785244265175,7.700357455469899,7.700357455469899,7.9553837442856965,7.9553837442856965,7.9553837442856965,8.967089955999999,8.967089955999999,8.967089955999999,-1.0117062117143034,-1.0117062117143034,-1.0117062117143034,0.0,0.0,0.0,15.655741199755596
102,2024-02-19,7.7346279197288945,4.989901564763362,21.871955510877694,7.7346279197288945,7.7346279197288945,5.39360670332789,5.39360670332789,5.39360670332789,8.967089955999999,8.967089955999999,8.967089955999999,-3.5734832526721094,-3.5734832526721094,-3.5734832526721094,0.0,0.0,0.0,13.128234623056784
103,2024-02-20,7.7688983839878905,10.377935254138611,26.470961530761326,7.7688983839878905,7.7688983839878905,10.941364670079867,10.941364670079867,10.941364670079867,8.967089955999999,8.967089955999999,8.967089955999999,1.9742747140798664,1.9742747140798664,1.9742747140798664,0.0,0.0,0.0,18.71026305406776
104,2024-02-21,7.803168848246886,9.359691369420114,25.184877368509426,7.803168848246886,7.803168848246886,9.46237203843379,9.46237203843379,9.46237203843379,8.967089955999999,8.967089955999999,8.967089955999999,0.4952820824337908,0.4952820824337908,0.4952820824337908,0.0,0.0,0.0,17.265540886680675
105,2024-02-22,7.837439312505882,10.867419838183606,26.56789274176952,7.837439312505882,7.837439312505882,10.945138394999143,10.945138394999143,10.945138394999143,8.967089955999999,8.967089955999999,8.967089955999999,1.9780484389991424,1.9780484389991424,1.9780484389991424,0.0,0.0,0.0,18.782577707505027
106,2024-02-23,7.87170977676488,10.011936326807227,27.16510450982308,7.87170977676488,7.87170977676488,10.27076553586654,10.27076553586654,10.27076553586654,8.967089955999999,8.967089955999999,8.967089955999999,1.303675579866539,1.303675579866539,1.303675579866539,0.0,0.0,0.0,18.14247531263142
107,2024-02-24,7.9059802420057395,7.6912319110353105,23.165096280740535,7.9059802420057395,7.9059802420057395,7.8009986050040805,7.8009986050040805,7.8009986050040805,8.967089955999999,8.967089955999999,8.967089955999999,-1.166091350995919,-1.166091350995919,-1.166091350995919,0.0,0.0,0.0,15.70697884700982
108,2024-02-25,7.9402507072466,7.674313991344672,23.97738583922845,7.9402507072466,7.9402507072466,7.955383744291232,7.955383744291232,7.955383744291232,8.967089955999999,8.967089955999999,8.967089955999999,-1.0117062117087692,-1.0117062117087692,-1.0117062117087692,0.0,0.0,0.0,15.89563445153783
109,2024-02-26,7.974521172487457,5.528899805973094,21.975859038343373,7.974521172487457,7.974521172487457,5.39360670332901,5.39360670332901,5.39360670332901,8.967089955999999,8.967089955999999,8.967089955999999,-3.5734832526709894,-3.5734832526709894,-3.5734832526709894,0.0,0.0,0.0,13.368127875816468
110,2024-02-27,8.008791637728319,11.18710660499445,27.306119345128486,8.008791637728319,8.008791637728319,10.941364670084445,10.941364670084445,10.941364670084445,8.967089955999999,8.967089955999999,8.967089955999999,1.9742747140844448,1.9742747140844448,1.9742747140844448,0.0,0.0,0.0,18.95015630781276
111,2024-02-28,8.047545197969177,9.240070677219203,26.308868179696738,8.047545197969177,8.047545197969177,9.4623720384433,9.4623720384433,9.4623720384433,8.967089955999999,8.967089955999999,8.967089955999999,0.4952820824433002,0.4952820824433002,0.4952820824433002,0.0,0.0,0.0,17.509917236412477
112,2024-02-29,8.086298758210036,10.743089431606666,27.471427242414965,8.086298758210036,8.086298758210036,10.94513839499644,10.94513839499644,10.94513839499644,8.967089955999999,8.967089955999999,8.967089955999999,1.97804843899644,1.97804843899644,1.97804843899644,0.0,0.0,0.0,19.031437153206475
113,2024-03-01,8.125052318450896,9.903919006348884,26.112302036646366,8.125052318450896,8.125052318450896,10.270765535857088,10.270765535857088,10.270765535857088,8.967089955999999,8.967089955999999,8.967089955999999,1.3036755798570872,1.3036755798570872,1.3036755798570872,0.0,0.0,0.0,18.395817854307985
114,2024-03-02,8.163805878691756,7.737061661869524,24.01793994078701,8.163805878691756,8.163805878691756,7.800998605009128,7.800998605009128,7.800998605009128,8.967089955999999,8.967089955999999,8.967089955999999,-1.166091350990872,-1.166091350990872,-1.166091350990872,0.0,0.0,0.0,15.964804483700885
115,2024-03-03,8.202559438932614,7.9377319084908615,25.28681198756273,8.202559438932614,8.202559438932614,7.955383744291747,7.955383744291747,7.955383744291747,8.967089955999999,8.967089955999999,8.967089955999999,-1.0117062117082538,-1.0117062117082538,-1.0117062117082538,0.0,0.0,0.0,16.15794318322436
116,2024-03-04,8.24374349280526,5.1316993082981766,21.989729504871484,8.24374349280526,8.24374349280526,5.393606703331489,5.393606703331489,5.393606703331489,8.967089955999999,8.967089955999999,8.967089955999999,-3.5734832526685105,-3.5734832526685105,-3.5734832526685105,0.0,0.0,0.0,13.63735019613675
117,2024-03-05,8.284927546677908,10.742023351888815,27.512181653306055,8.284927546677908,8.284927546677908,10.941364670081391,10.941364670081391,10.941364670081391,8.967089955999999,8.967089955999999,8.967089955999999,1.9742747140813917,1.9742747140813917,1.9742747140813917,0.0,0.0,0.0,19.226292216759298
118,2024-03-06,8.326111600550556,9.411219528090538,25.129178642023,8.326111600550556,8.326111600550556,9.462372038453546,9.462372038453546,9.462372038453546,8.967089955999999,8.967089955999999,8.967089955999999,0.49528208245354516,0.49528208245354516,0.49528208245354516,0.0,0.0,0.0,17.788483639004102
119,2024-03-07,8.367295654423204,11.240667665357945,27.477829630384075,8.367295654423204,8.367295654423204,10.9451383949948,10.9451383949948,10.9451383949948,8.967089955999999,8.967089955999999,8.967089955999999,1.9780484389947997,1.9780484389947997,1.9780484389947997,0.0,0.0,0.0,19.312434049418002
120,2024-03-08,8.40847970829585,10.310664135040232,27.181458359878235,8.40847970829585,8.40847970829585,10.270765535859265,10.270765535859265,10.270765535859265,8.967089955999999,8.967089955999999,8.967089955999999,1.3036755798592663,1.3036755798592663,1.3036755798592663,0.0,0.0,0.0,18.679245244155116
121,2024-03-09,8.449663761360771,8.095137465134325,24.696619737168817,8.449663761360771,8.449663761360771,7.800998605015177,7.800998605015177,7.800998605015177,8.967089955999999,8.967089955999999,8.967089955999999,-1.1660913509848223,-1.1660913509848223,-1.1660913509848223,0.0,0.0,0.0,16.25066236637595
122,2024-03-10,8.490847814425688,7.801340102976217,24.348081933424176,8.490847814425688,8.490847814425688,7.955383744285994,7.955383744285994,7.955383744285994,8.967089955999999,8.967089955999999,8.967089955999999,-1.0117062117140054,-1.0117062117140054,-1.0117062117140054,0.0,0.0,0.0,16.44623155871168
123,2024-03-11,8.532031867490607,5.957106690084647,22.028088707399725,8.532031867490607,8.532031867490607,5.393606703332608,5.393606703332608,5.393606703332608,8.967089955999999,8.967089955999999,8.967089955999999,-3.573483252667391,-3.573483252667391,-3.573483252667391,0.0,0.0,0.0,13.925638570823216
124,2024-03-12,8.573215920555525,11.216548688588457,26.935999884409014,8.573215920555525,8.573215920555525,10.94136467008597,10.94136467008597,10.94136467008597,8.967089955999999,8.967089955999999,8.967089955999999,1.9742747140859709,1.9742747140859709,1.9742747140859709,0.0,0.0,0.0,19.514580590641494
125,2024-03-13,8.614399973620445,9.878414336237912,26.26757596711017,8.614399973620445,8.614399973620445,9.462372038447318,9.462372038447318,9.462372038447318,8.967089955999999,8.967089955999999,8.967089955999999,0.4952820824473174,0.4952820824473174,0.4952820824473174,0.0,0.0,0.0,18.076772012067764
126,2024-03-14,8.655584026685363,11.244029348154571,27.85257820646322,8.655584026685363,8.655584026685363,10.945138394992096,10.945138394992096,10.945138394992096,8.967089955999999,8.967089955999999,8.967089955999999,1.9780484389920971,1.9780484389920971,1.9780484389920971,0.0,0.0,0.0,19.60072242167746
127,2024-03-15,8.696768079750282,10.859875534914579,27.40376254469529,8.696768079750282,8.696768079750282,10.270765535849815,10.270765535849815,10.270765535849815,8.967089955999999,8.967089955999999,8.967089955999999,1.3036755798498152,1.3036755798498152,1.3036755798498152,0.0,0.0,0.0,18.967533615600097
128,2024-03-16,8.7379521328152,8.519889394282766,24.971768838759903,8.7379521328152,8.7379521328152,7.8009986050013636,7.8009986050013636,7.8009986050013636,8.967089955999999,8.967089955999999,8.967089955999999,-1.1660913509986366,-1.1660913509986366,-1.1660913509986366,0.0,0.0,0.0,16.538950737816563
129,2024-03-17,8.77913618588012,8.104533387154836,24.775573674341146,8.77913618588012,8.77913618588012,7.955383744292776,7.955383744292776,7.955383744292776,8.967089955999999,8.967089955999999,8.967089955999999,-1.011706211707224,-1.011706211707224,-1.011706211707224,0.0,0.0,0.0,16.734519930172894
130,2024-03-18,8.820320238945037,5.520643196425154,22.315313049559496,8.820320238945037,8.820320238945037,5.393606703325858,5.393606703325858,5.393606703325858,8.967089955999999,8.967089955999999,8.967089955999999,-3.5734832526741425,-3.5734832526741425,-3.5734832526741425,0.0,0.0,0.0,14.213926942270895
131,2024-03-19,8.861504292009956,10.973996830237422,27.931383239442628,8.861504292009956,8.861504292009956,10.941364670086733,10.941364670086733,10.941364670086733,8.967089955999999,8.967089955999999,8.967089955999999,1.9742747140867336,1.9742747140867336,1.9742747140867336,0.0,0.0,0.0,19.80286896209669
132,2024-03-20,8.902688345074875,10.010763467941576,27.11195653404605,8.902688345074875,8.902688345074875,9.462372038441089,9.462372038441089,9.462372038441089,8.967089955999999,8.967089955999999,8.967089955999999,0.49528208244108907,0.49528208244108907,0.49528208244108907,0.0,0.0,0.0,18.365060383515964
133,2024-03-21,8.943872398139792,11.459813469222924,27.81955774773562,8.943872398139792,8.943872398139792,10.945138395000418,10.945138395000418,10.945138395000418,8.967089955999999,8.967089955999999,8.967089955999999,1.9780484390004192,1.9780484390004192,1.9780484390004192,0.0,0.0,0.0,19.88901079314021
134,2024-03-22,8.985056451204713,11.534990406426147,27.52009725225852,8.985056451204713,8.985056451204713,10.270765535851995,10.270765535851995,10.270765535851995,8.967089955999999,8.967089955999999,8.967089955999999,1.303675579851994,1.303675579851994,1.303675579851994,0.0,0.0,0.0,19.255821987056706
135,2024-03-23,9.02624050426963,8.399876563668114,25.20780976790031,9.02624050426963,9.02624050426963,7.800998605016342,7.800998605016342,7.800998605016342,8.967089955999999,8.967089955999999,8.967089955999999,-1.1660913509836572,-1.1660913509836572,-1.1660913509836572,0.0,0.0,0.0,16.827239109285973
136,2024-03-24,9.067424557334549,8.96449640170976,24.52855374713421,9.067424557334549,9.067424557334549,7.955383744287024,7.955383744287024,7.955383744287024,8.967089955999999,8.967089955999999,8.967089955999999,-1.0117062117129756,-1.0117062117129756,-1.0117062117129756,0.0,0.0,0.0,17.022808301621573
137,2024-03-25,9.108608610399468,6.388412521219135,21.99037073591389,9.108608610399468,9.108608610399468,5.393606703326977,5.393606703326977,5.393606703326977,8.967089955999999,8.967089955999999,8.967089955999999,-3.5734832526730225,-3.5734832526730225,-3.5734832526730225,0.0,0.0,0.0,14.502215313726445
138,2024-03-26,9.149792663464387,12.2327543080136,28.90464856531744,9.149792663464387,9.149792663464387,10.941364670091312,10.941364670091312,10.941364670091312,8.967089955999999,8.967089955999999,8.967089955999999,1.9742747140913128,1.9742747140913128,1.9742747140913128,0.0,0.0,0.0,20.0911573335557
139,2024-03-27,9.190976716529306,9.559575061257977,26.58200240741966,9.190976716529306,9.190976716529306,9.462372038443098,9.462372038443098,9.462372038443098,8.967089955999999,8.967089955999999,8.967089955999999,0.49528208244309785,0.49528208244309785,0.49528208244309785,0.0,0.0,0.0,18.653348754972406
140,2024-03-28,9.232160769594223,11.958346550378014,29.14242455219234,9.232160769594223,9.232160769594223,10.945138394986692,10.945138394986692,10.945138394986692,8.967089955999999,8.967089955999999,8.967089955999999,1.9780484389866915,1.9780484389866915,1.9780484389866915,0.0,0.0,0.0,20.177299164580916
141,2024-03-29,9.273344822659142,11.811698470074097,27.382314619947397,9.273344822659142,9.273344822659142,10.270765535856754,10.270765535856754,10.270765535856754,8.967089955999999,8.967089955999999,8.967089955999999,1.3036755798567534,1.3036755798567534,1.3036755798567534,0.0,0.0,0.0,19.544110358515894
142,2024-03-30,9.31452887572406,9.197250227649052,25.215467058006762,9.31452887572406,9.31452887572406,7.800998605002529,7.800998605002529,7.800998605002529,8.967089955999999,8.967089955999999,8.967089955999999,-1.1660913509974713,-1.1660913509974713,-1.1660913509974713,0.0,0.0,0.0,17.115527480726588
143,2024-03-31,9.35571292878898,8.93855292608095,25.520888316816254,9.35571292878898,9.35571292878898,7.9553837442812725,7.9553837442812725,7.9553837442812725,8.967089955999999,8.967089955999999,8.967089955999999,-1.0117062117187263,-1.0117062117187263,-1.0117062117187263,0.0,0.0,0.0,17.311096673070253
144,2024-04-01,9.396896981853898,6.892286592554195,23.054565760770604,9.396896981853898,9.396896981853898,5.393606703329457,5.393606703329457,5.393606703329457,8.967089955999999,8.967089955999999,8.967089955999999,-3.5734832526705427,-3.5734832526705427,-3.5734832526705427,0.0,0.0,0.0,14.790503685183355
145,2024-04-02,9.438081034918817,12.109739496790825,28.747089658780332,9.438081034918817,9.438081034918817,10.941364670079274,10.941364670079274,10.941364670079274,8.967089955999999,8.967089955999999,8.967089955999999,1.9742747140792738,1.9742747140792738,1.9742747140792738,0.0,0.0,0.0,20.37944570499809
146,2024-04-03,9.479265087983737,11.145144962913312,27.05472572079913,9.479265087983737,9.479265087983737,9.462372038436135,9.462372038436135,9.462372038436135,8.967089955999999,8.967089955999999,8.967089955999999,0.49528208243613453,0.49528208243613453,0.49528208243613453,0.0,0.0,0.0,18.94163712641987
147,2024-04-04,9.520449141048655,11.943219661781203,28.43578182414288,9.520449141048655,9.520449141048655,10.945138394995013,10.945138394995013,10.945138394995013,8.967089955999999,8.967089955999999,8.967089955999999,1.978048438995014,1.978048438995014,1.978048438995014,0.0,0.0,0.0,20.465587536043667
148,2024-04-05,9.561633194113574,11.77385287818685,27.888512865431593,9.561633194113574,9.561633194113574,10.270765535858931,10.270765535858931,10.270765535858931,8.967089955999999,8.967089955999999,8.967089955999999,1.3036755798589321,1.3036755798589321,1.3036755798589321,0.0,0.0,0.0,19.832398729972503
149,2024-04-06,9.602817247178491,8.908742356951164,26.231191559790947,9.602817247178491,9.602817247178491,7.800998605008577,7.800998605008577,7.800998605008577,8.967089955999999,8.967089955999999,8.967089955999999,-1.1660913509914217,-1.1660913509914217,-1.1660913509914217,0.0,0.0,0.0,17.40381585218707
150,2024-04-07,9.64400130024341,8.81791188129105,25.44077488917751,9.64400130024341,9.64400130024341,7.955383744281788,7.955383744281788,7.955383744281788,8.967089955999999,8.967089955999999,8.967089955999999,-1.0117062117182116,-1.0117062117182116,-1.0117062117182116,0.0,0.0,0.0,17.5993850445252
151,2024-04-08,9.685185353308327,7.2764325234695075,23.129731063070587,9.685185353308327,9.685185353308327,5.393606703329217,5.393606703329217,5.393606703329217,8.967089955999999,8.967089955999999,8.967089955999999,-3.5734832526707834,-3.5734832526707834,-3.5734832526707834,0.0,0.0,0.0,15.078792056637544
152,2024-04-09,9.726369406373248,12.809874606290693,29.105770187069055,9.726369406373248,9.726369406373248,10.941364670080036,10.941364670080036,10.941364670080036,8.967089955999999,8.967089955999999,8.967089955999999,1.9742747140800365,1.9742747140800365,1.9742747140800365,0.0,0.0,0.0,20.667734076453286
153,2024-04-10,9.767553459438167,11.713766569003694,27.37401674394717,9.767455594083744,9.767657867336558,9.462372038446379,9.462372038446379,9.462372038446379,8.967089955999999,8.967089955999999,8.967089955999999,0.49528208244637933,0.49528208244637933,0.49528208244637933,0.0,0.0,0.0,19.229925497884544
154,2024-04-11,9.808737512503084,12.642685038756198,28.847897733186237,9.808486825486485,9.809049538824043,10.945138395003335,10.945138395003335,10.945138395003335,8.967089955999999,8.967089955999999,8.967089955999999,1.9780484390033364,1.9780484390033364,1.9780484390033364,0.0,0.0,0.0,20.75387590750642
155,2024-04-12,9.849921565568001,11.995689613265018,28.312623449875254,9.849401229591464,9.85045805056466,10.270765535861111,10.270765535861111,10.270765535861111,8.967089955999999,8.967089955999999,8.967089955999999,1.3036755798611117,1.3036755798611117,1.3036755798611117,0.0,0.0,0.0,20.120687101429112
156,2024-04-13,9.891105618632922,9.290534826679673,25.90187841525489,9.890232393369708,9.891971108969074,7.800998605004695,7.800998605004695,7.800998605004695,8.967089955999999,8.967089955999999,8.967089955999999,-1.1660913509953044,-1.1660913509953044,-1.1660913509953044,0.0,0.0,0.0,17.692104223637617
157,2024-04-14,9.932289671697841,10.04470136294642,26.113851902656,9.931061299400557,9.93343089663416,7.955383744281056,7.955383744281056,7.955383744281056,8.967089955999999,8.967089955999999,8.967089955999999,-1.0117062117189435,-1.0117062117189435,-1.0117062117189435,0.0,0.0,0.0,17.887673415978895
158,2024-04-15,9.973473724762759,7.538529431612987,23.187894806269476,9.971842361049935,9.974997626243876,5.393606703331695,5.393606703331695,5.393606703331695,8.967089955999999,8.967089955999999,8.967089955999999,-3.5734832526683045,-3.5734832526683045,-3.5734832526683045,0.0,0.0,0.0,15.367080428094454
159,2024-04-16,10.01465777782768,13.082496446827022,29.09318223313228,10.012494528478724,10.016512103677988,10.9413646700808,10.9413646700808,10.9413646700808,8.967089955999999,8.967089955999999,8.967089955999999,1.9742747140807995,1.9742747140807995,1.9742747140807995,0.0,0.0,0.0,20.95602244790848
160,2024-04-17,10.055841830892597,11.504614304960498,27.826886551814482,10.053146133926923,10.058188117531717,9.46237203844015,9.46237203844015,9.46237203844015,8.967089955999999,8.967089955999999,8.967089955999999,0.4952820824401511,0.4952820824401511,0.4952820824401511,0.0,0.0,0.0,19.518213869332747
161,2024-04-18,10.097025883957514,12.72577763959999,29.67760970123923,10.093920494592325,10.099759637224263,10.945138395000631,10.945138395000631,10.945138395000631,8.967089955999999,8.967089955999999,8.967089955999999,1.9780484390006334,1.9780484390006334,1.9780484390006334,0.0,0.0,0.0,21.042164278958147
162,2024-04-19,10.138209937022433,11.501817255942525,28.689952156599762,10.134535808009039,10.141470503553805,10.270765535865872,10.270765535865872,10.270765535865872,8.967089955999999,8.967089955999999,8.967089955999999,1.3036755798658708,1.3036755798658708,1.3036755798658708,0.0,0.0,0.0,20.408975472888304
163,2024-04-20,10.179393990087352,9.801001675083883,26.29655971147663,10.175278716101564,10.183121987228164,7.800998605000813,7.800998605000813,7.800998605000813,8.967089955999999,8.967089955999999,8.967089955999999,-1.1660913509991864,-1.1660913509991864,-1.1660913509991864,0.0,0.0,0.0,17.980392595088166
164,2024-04-21,10.220578043152269,10.343270891434429,26.513363706497692,10.21601520119951,10.224925886183787,7.955383744287839,7.955383744287839,7.955383744287839,8.967089955999999,8.967089955999999,8.967089955999999,-1.0117062117121618,-1.0117062117121618,-1.0117062117121618,0.0,0.0,0.0,18.17596178744011
165,2024-04-22,10.26176209621719,7.64822894165713,23.118934086680895,10.256630902857735,10.266720992113429,5.393606703334175,5.393606703334175,5.393606703334175,8.967089955999999,8.967089955999999,8.967089955999999,-3.5734832526658242,-3.5734832526658242,-3.5734832526658242,0.0,0.0,0.0,15.655368799551365
166,2024-04-23,10.302946149282109,12.80716349143111,29.47009562939663,10.297137726528232,10.308614252919208,10.941364670085377,10.941364670085377,10.941364670085377,8.967089955999999,8.967089955999999,8.967089955999999,1.9742747140853782,1.9742747140853782,1.9742747140853782,0.0,0.0,0.0,21.244310819367485
167,2024-04-24,10.344130202347026,12.047635642275326,27.755810806278713,10.337663581981802,10.350469612507366,9.46237203844216,9.46237203844216,9.46237203844216,8.967089955999999,8.967089955999999,8.967089955999999,0.4952820824421599,0.4952820824421599,0.4952820824421599,0.0,0.0,0.0,19.806502240789186
168,2024-04-25,10.385314255411943,13.166293889483288,29.38650854623656,10.378251326177006,10.392234236313465,10.94513839501002,10.94513839501002,10.94513839501002,8.967089955999999,8.967089955999999,8.967089955999999,1.9780484390100188,1.9780484390100188,1.9780484390100188,0.0,0.0,0.0,21.33045265042196
169,2024-04-26,10.426498308476864,12.221300686387439,28.162766065542552,10.418910639500604,10.434159694973113,10.27076553585642,10.27076553585642,10.27076553585642,8.967089955999999,8.967089955999999,8.967089955999999,1.3036755798564192,1.3036755798564192,1.3036755798564192,0.0,0.0,0.0,20.697263844333285
170,2024-04-27,10.467682361541783,10.086013970294406,26.644350860723627,10.45932015868153,10.476078910934431,7.800998604996931,7.800998604996931,7.800998604996931,8.967089955999999,8.967089955999999,8.967089955999999,-1.1660913510030688,-1.1660913510030688,-1.1660913510030688,0.0,0.0,0.0,18.268680966538714
171,2024-04-28,10.5088664146067,10.010587936606195,27.424259436229658,10.499837773457136,10.518066019457306,7.955383744282087,7.955383744282087,7.955383744282087,8.967089955999999,8.967089955999999,8.967089955999999,-1.0117062117179132,-1.0117062117179132,-1.0117062117179132,0.0,0.0,0.0,18.464250158888788
172,2024-04-29,10.55005046767162,8.290279088652335,24.297729920008873,10.540245774346955,10.559889061623391,5.393606703326064,5.393606703326064,5.393606703326064,8.967089955999999,8.967089955999999,8.967089955999999,-3.573483252673936,-3.573483252673936,-3.573483252673936,0.0,0.0,0.0,15.943657170997684
173,2024-04-30,10.59123452073654,13.912917674226618,29.93587036769733,10.580433544523562,10.601842933841015,10.941364670077157,10.941364670077157,10.941364670077157,8.967089955999999,8.967089955999999,8.967089955999999,1.9742747140771555,1.9742747140771555,1.9742747140771555,0.0,0.0,0.0,21.5325991908137
174,2024-05-01,10.632418573801457,12.047073524841275,28.42214195358765,10.620815881547347,10.643877491057406,9.462372038444169,9.462372038444169,9.462372038444169,8.967089955999999,8.967089955999999,8.967089955999999,0.4952820824441685,0.4952820824441685,0.4952820824441685,0.0,0.0,0.0,20.094790612245625
175,2024-05-02,10.673602626866375,13.868871516787957,30.381048162529282,10.6610956559768,10.685886408944176,10.94513839499629,10.94513839499629,10.94513839499629,8.967089955999999,8.967089955999999,8.967089955999999,1.9780484389962907,1.9780484389962907,1.9780484389962907,0.0,0.0,0.0,21.618741021862665
176,2024-05-03,10.714786679931294,12.888234268152349,29.27101656095717,10.701470040327676,10.727898567289843,10.270765535870229,10.270765535870229,10.270765535870229,8.967089955999999,8.967089955999999,8.967089955999999,1.3036755798702286,1.3036755798702286,1.3036755798702286,0.0,0.0,0.0,20.985552215801523
177,2024-05-04,10.755970732996214,11.264475803164915,26.78215128383233,10.741627334712259,10.769990353736532,7.800998605002981,7.800998605002981,7.800998605002981,8.967089955999999,8.967089955999999,8.967089955999999,-1.1660913509970185,-1.1660913509970185,-1.1660913509970185,0.0,0.0,0.0,18.556969337999195
178,2024-05-05,10.797154786061132,11.205410927871132,27.051847357218104,10.781674779203966,10.811886123253048,7.955383744282602,7.955383744282602,7.955383744282602,8.967089955999999,8.967089955999999,8.967089955999999,-1.0117062117173976,-1.0117062117173976,-1.0117062117173976,0.0,0.0,0.0,18.752538530343735
179,2024-05-06,10.83833883912605,7.8924789261046815,24.242114109760465,10.821979300373926,10.853929979656701,5.393606703328544,5.393606703328544,5.393606703328544,8.967089955999999,8.967089955999999,8.967089955999999,-3.5734832526714566,-3.5734832526714566,-3.5734832526714566,0.0,0.0,0.0,16.231945542454596
180,2024-05-07,10.879522892190968,13.391990533729874,30.21214175908137,10.8624326463281,10.896670210856414,10.941364670081734,10.941364670081734,10.941364670081734,8.967089955999999,8.967089955999999,8.967089955999999,1.9742747140817345,1.9742747140817345,1.9742747140817345,0.0,0.0,0.0,21.820887562272702
181,2024-05-08,10.920706945255887,11.996623062798095,28.383963730465126,10.902373188890955,10.938521721692908,9.462372038446176,9.462372038446176,9.462372038446176,8.967089955999999,8.967089955999999,8.967089955999999,0.4952820824461765,0.4952820824461765,0.4952820824461765,0.0,0.0,0.0,20.383078983702063
